<?xml version="1.0" encoding="UTF-8"?>
<project-private xmlns="http://www.netbeans.org/ns/project-private/1">
    <editor-bookmarks xmlns="http://www.netbeans.org/ns/editor-bookmarks/2" lastBookmarkId="0"/>
    <open-files xmlns="http://www.netbeans.org/ns/projectui-open-files/2">
        <group>
            <file>file:/C:/Users/ovied/Documents/NetBeansProjects/SuperMarket/src/iSM/DAOUsuarioImpl.java</file>
            <file>file:/C:/Users/ovied/Documents/NetBeansProjects/SuperMarket/src/modelos/Venta.java</file>
            <file>file:/C:/Users/ovied/Documents/NetBeansProjects/SuperMarket/src/vistas/Venta.java</file>
            <file>file:/C:/Users/ovied/Documents/NetBeansProjects/SuperMarket/src/vistas/Reporte.java</file>
            <file>file:/C:/Users/ovied/Documents/NetBeansProjects/SuperMarket/src/interfaces/DAOProducto.java</file>
            <file>file:/C:/Users/ovied/Documents/NetBeansProjects/SuperMarket/src/interfaces/DAOCarrito.java</file>
            <file>file:/C:/Users/ovied/Documents/NetBeansProjects/SuperMarket/src/interfaces/DAOUsuario.java</file>
            <file>file:/C:/Users/ovied/Documents/NetBeansProjects/SuperMarket/src/iSM/Dashboard.java</file>
            <file>file:/C:/Users/ovied/Documents/NetBeansProjects/SuperMarket/src/iSM/DAOVentaImpl.java</file>
            <file>file:/C:/Users/ovied/Documents/NetBeansProjects/SuperMarket/src/interfaces/DAOVenta.java</file>
            <file>file:/C:/Users/ovied/Documents/NetBeansProjects/SuperMarket/src/iSM/DAOProductoImpl.java</file>
        </group>
    </open-files>
</project-private>
